<?xml version="1.0" encoding="UTF-8"?>
<project-private xmlns="http://www.netbeans.org/ns/project-private/1">
    <editor-bookmarks xmlns="http://www.netbeans.org/ns/editor-bookmarks/2" lastBookmarkId="0"/>
    <open-files xmlns="http://www.netbeans.org/ns/projectui-open-files/2">
        <group>
            <file>file:/E:/workspace%20all/Fiver-projects/InternetCafeManagementFinal/src/Proc_file.java</file>
            <file>file:/E:/workspace%20all/Fiver-projects/InternetCafeManagementFinal/src/ServerFile.java</file>
            <file>file:/E:/workspace%20all/Fiver-projects/InternetCafeManagementFinal/src/TypeFilter.java</file>
            <file>file:/E:/workspace%20all/Fiver-projects/InternetCafeManagementFinal/src/ManagementWindow.java</file>
            <file>file:/E:/workspace%20all/Fiver-projects/InternetCafeManagementFinal/src/FilePicker.java</file>
            <file>file:/E:/workspace%20all/Fiver-projects/InternetCafeManagementFinal/src/ClientUI.java</file>
            <file>file:/E:/workspace%20all/Fiver-projects/InternetCafeManagementFinal/src/DisplayResult.java</file>
        </group>
    </open-files>
</project-private>
